{"cameraMode":{"drawMode":0,"name":"Shaded","section":"Shading Mode"},"sceneLighting":true,"audioPlay":false,"sceneViewState":{"m_AlwaysRefresh":false,"showFog":true,"showSkybox":true,"showFlares":true,"showImageEffects":true,"showParticleSystems":true,"showVisualEffectGraphs":true,"m_FxEnabled":true},"in2DMode":false,"pivot":{"x":6.709156513214111,"y":6.607166290283203,"z":-2.8124754428863527},"rotation":{"x":-0.0025794915854930879,"y":0.8781135678291321,"z":-0.03145156055688858,"w":-0.47929322719573977},"size":2.6168813705444338,"orthographic":false}