{"cameraMode":{"drawMode":0,"name":"Shaded","section":"Shading Mode"},"sceneLighting":true,"audioPlay":false,"sceneViewState":{"m_AlwaysRefresh":false,"showFog":true,"showSkybox":true,"showFlares":true,"showImageEffects":true,"showParticleSystems":true,"showVisualEffectGraphs":true,"m_FxEnabled":true},"in2DMode":false,"pivot":{"x":3.951807975769043,"y":2.0690460205078127,"z":-1.1951491832733155},"rotation":{"x":0.07716555148363114,"y":-0.7437987327575684,"z":0.10801520198583603,"w":0.6565728783607483},"size":6.270832538604736,"orthographic":false}